frame,area_ratio,thr,motion,win_hits,cand_ok,in_event,zero_streak,cooldown_left,bbox_x,bbox_y,bbox_w,bbox_h
0,0.00000000,0.00100000,0,0,0,0,0,0,-1,-1,-1,-1
1,0.00000000,0.00100000,0,0,0,0,0,0,-1,-1,-1,-1
2,0.00000000,0.00100000,0,0,0,0,0,0,-1,-1,-1,-1
3,0.00000000,0.00100000,0,0,0,0,0,0,-1,-1,-1,-1
4,0.00000000,0.00100000,0,0,0,0,0,0,-1,-1,-1,-1
5,0.00000000,0.00100000,0,0,0,0,0,0,-1,-1,-1,-1
6,0.00026123,0.00100000,0,0,0,0,0,0,588,7,6,8
7,0.00000000,0.00100000,0,0,0,0,0,0,-1,-1,-1,-1
8,0.00000000,0.00100000,0,0,0,0,0,0,-1,-1,-1,-1
9,0.00000000,0.00100000,0,0,0,0,0,0,-1,-1,-1,-1
10,0.00000000,0.00100000,0,0,0,0,0,0,-1,-1,-1,-1
11,0.00000000,0.00100000,0,0,0,0,0,0,-1,-1,-1,-1
12,0.00000000,0.00100000,0,0,0,0,0,0,-1,-1,-1,-1
13,0.00000000,0.00100000,0,0,0,0,0,0,-1,-1,-1,-1
14,0.00000000,0.00100000,0,0,0,0,0,0,-1,-1,-1,-1
15,0.00000000,0.00100000,0,0,0,0,0,0,-1,-1,-1,-1
16,0.00000000,0.00100000,0,0,0,0,0,0,-1,-1,-1,-1
17,0.00000000,0.00100000,0,0,0,0,0,0,-1,-1,-1,-1
18,0.00000000,0.00100000,0,0,0,0,0,0,-1,-1,-1,-1
19,0.00000000,0.00100000,0,0,0,0,0,0,-1,-1,-1,-1
20,0.00006104,0.00100000,0,0,0,0,0,0,33,97,5,5
21,0.00009033,0.00100000,0,0,0,0,0,0,0,38,3,10
22,0.00000000,0.00100000,0,0,0,0,0,0,-1,-1,-1,-1
23,0.00000000,0.00100000,0,0,0,0,0,0,-1,-1,-1,-1
24,0.00000000,0.00100000,0,0,0,0,0,0,-1,-1,-1,-1
25,0.00007813,0.00100000,0,0,0,0,0,0,438,214,6,8
26,0.00016846,0.00100000,0,0,0,0,0,0,438,211,7,12
27,0.00044922,0.00100000,0,0,0,0,0,0,437,209,9,21
28,0.00060791,0.00100000,0,0,0,0,0,0,437,208,9,22
29,0.00076172,0.00100000,0,0,0,0,0,0,437,208,9,13
30,0.00042236,0.00100000,0,0,0,0,0,0,437,208,8,10
31,0.00022461,0.00100000,0,0,0,0,0,0,170,215,7,7
32,0.00008301,0.00100000,0,0,0,0,0,0,172,217,7,5
33,0.00021973,0.00100000,0,0,0,0,0,0,454,173,6,9
34,0.00052979,0.00100000,0,0,0,0,0,0,440,188,7,12
35,0.00086670,0.00100000,0,0,0,0,0,0,438,144,10,23
36,0.00108154,0.00100000,1,1,0,0,0,0,440,178,8,22
37,0.00118896,0.00100000,1,2,0,0,0,0,151,146,8,20
38,0.00135742,0.00100000,1,3,0,0,0,0,151,146,12,39
39,0.00144043,0.00100000,1,4,0,0,0,0,151,146,12,40
40,0.00154053,0.00100000,1,5,0,0,0,0,152,146,13,40
41,0.00160156,0.00100000,1,6,1,1,0,0,152,146,14,40
42,0.00210938,0.00100000,1,7,1,1,0,0,153,146,13,40
43,0.00187500,0.00100000,1,8,1,1,0,0,153,141,13,46
44,0.00185547,0.00100000,1,9,1,1,0,0,154,146,12,42
45,0.00200928,0.00100000,1,10,1,1,0,0,155,146,11,42
46,0.00225586,0.00100000,1,11,1,1,0,0,155,146,12,43
47,0.00225586,0.00100000,1,12,1,1,0,0,155,146,12,43
48,0.00228271,0.00100000,1,13,1,1,0,0,155,146,12,44
49,0.00223389,0.00100000,1,14,1,1,0,0,156,146,12,46
50,0.00210449,0.00100000,1,15,1,1,0,0,157,141,12,56
51,0.00208984,0.00100000,1,16,1,1,0,0,157,146,12,47
52,0.00201660,0.00100000,1,16,1,1,0,0,158,147,9,31
53,0.00172607,0.00100000,1,16,1,1,0,0,158,147,9,31
54,0.00159912,0.00100000,1,16,1,1,0,0,159,147,8,30
55,0.00166748,0.00100000,1,16,1,1,0,0,159,147,9,30
56,0.00135742,0.00100000,1,16,1,1,0,0,160,148,8,29
57,0.00152100,0.00100000,1,16,1,1,0,0,173,149,7,20
58,0.00167725,0.00100000,1,16,1,1,0,0,434,198,9,21
59,0.00166992,0.00100000,1,16,1,1,0,0,432,198,10,40
60,0.00167480,0.00100000,1,16,1,1,0,0,427,144,10,22
61,0.00156494,0.00100000,1,16,1,1,0,0,426,143,10,22
62,0.00127197,0.00100000,1,16,1,1,0,0,426,143,11,23
63,0.00142578,0.00100000,1,16,1,1,0,0,425,143,15,25
64,0.00153320,0.00100000,1,16,1,1,0,0,424,143,16,26
65,0.00159912,0.00100000,1,16,1,1,0,0,424,143,16,27
66,0.00161377,0.00100000,1,16,1,1,0,0,424,144,16,27
67,0.00171143,0.00100000,1,16,1,1,0,0,423,144,17,28
68,0.00196533,0.00100000,1,16,1,1,0,0,423,144,20,37
69,0.00214355,0.00100000,1,16,1,1,0,0,423,143,20,48
70,0.00221924,0.00100000,1,16,1,1,0,0,422,143,19,49
71,0.00232422,0.00100000,1,16,1,1,0,0,422,143,18,50
72,0.00227051,0.00100000,1,16,1,1,0,0,421,143,19,58
73,0.00232910,0.00100000,1,16,1,1,0,0,421,143,18,59
74,0.00263184,0.00100000,1,16,1,1,0,0,420,151,18,41
75,0.00279053,0.00100000,1,16,1,1,0,0,419,151,19,40
76,0.00286377,0.00100000,1,16,1,1,0,0,418,152,19,38
77,0.00300293,0.00100000,1,16,1,1,0,0,418,152,19,41
78,0.00319580,0.00100000,1,16,1,1,0,0,189,186,14,47
79,0.00333252,0.00100000,1,16,1,1,0,0,184,161,20,72
80,0.00320801,0.00100000,1,16,1,1,0,0,182,161,19,63
81,0.00320801,0.00100000,1,16,1,1,0,0,184,161,17,61
82,0.00336670,0.00100000,1,16,1,1,0,0,184,161,22,72
83,0.00354248,0.00100000,1,16,1,1,0,0,185,161,21,73
84,0.00345459,0.00100000,1,16,1,1,0,0,185,161,22,75
85,0.00336670,0.00100000,1,16,1,1,0,0,186,161,21,75
86,0.00338867,0.00100000,1,16,1,1,0,0,186,161,22,75
87,0.00335449,0.00100000,1,16,1,1,0,0,187,161,21,76
88,0.00353027,0.00100000,1,16,1,1,0,0,188,159,20,78
89,0.00369141,0.00100000,1,16,1,1,0,0,188,161,20,76
90,0.00383057,0.00100000,1,16,1,1,0,0,188,158,20,79
91,0.00386230,0.00100000,1,16,1,1,0,0,188,158,21,79
92,0.00401123,0.00100000,1,16,1,1,0,0,407,192,15,48
93,0.00391357,0.00100000,1,16,1,1,0,0,193,187,15,50
94,0.00387451,0.00100000,1,16,1,1,0,0,189,158,23,32
95,0.00383789,0.00100000,1,16,1,1,0,0,405,192,16,51
96,0.00378418,0.00100000,1,16,1,1,0,0,189,158,25,32
97,0.00382568,0.00100000,1,16,1,1,0,0,189,158,26,32
98,0.00371094,0.00100000,1,16,1,1,0,0,190,158,26,32
99,0.00351807,0.00100000,1,16,1,1,0,0,191,158,26,32
100,0.00351563,0.00100000,1,16,1,1,0,0,194,158,23,30
101,0.00339355,0.00100000,1,16,1,1,0,0,194,154,24,33
102,0.00340820,0.00100000,1,16,1,1,0,0,399,171,13,76
103,0.00346680,0.00100000,1,16,1,1,0,0,398,172,13,75
104,0.00369873,0.00100000,1,16,1,1,0,0,397,172,13,80
105,0.00373291,0.00100000,1,16,1,1,0,0,396,172,14,71
106,0.00366211,0.00100000,1,16,1,1,0,0,395,172,14,70
107,0.00383057,0.00100000,1,16,1,1,0,0,395,172,13,75
108,0.00377930,0.00100000,1,16,1,1,0,0,394,173,14,69
109,0.00372314,0.00100000,1,16,1,1,0,0,393,173,15,70
110,0.00375000,0.00100000,1,16,1,1,0,0,392,173,17,69
111,0.00377930,0.00100000,1,16,1,1,0,0,207,188,15,55
112,0.00377197,0.00100000,1,16,1,1,0,0,208,188,15,55
113,0.00379150,0.00100000,1,16,1,1,0,0,208,186,16,57
114,0.00373291,0.00100000,1,16,1,1,0,0,208,189,19,54
115,0.00359863,0.00100000,1,16,1,1,0,0,208,191,22,53
116,0.00364990,0.00100000,1,16,1,1,0,0,208,191,24,53
117,0.00335693,0.00100000,1,16,1,1,0,0,208,192,27,52
118,0.00322510,0.00100000,1,16,1,1,0,0,208,192,28,53
119,0.00322021,0.00100000,1,16,1,1,0,0,208,193,28,53
120,0.00323242,0.00100000,1,16,1,1,0,0,208,193,29,55
121,0.00321289,0.00100000,1,16,1,1,0,0,208,194,29,54
122,0.00313232,0.00100000,1,16,1,1,0,0,209,194,28,54
123,0.00320557,0.00100000,1,16,1,1,0,0,210,193,27,54
124,0.00339111,0.00100000,1,16,1,1,0,0,211,193,26,54
125,0.00339600,0.00100000,1,16,1,1,0,0,213,192,24,55
126,0.00334473,0.00100000,1,16,1,1,0,0,215,192,22,55
127,0.00336914,0.00100000,1,16,1,1,0,0,218,192,19,55
128,0.00319580,0.00100000,1,16,1,1,0,0,221,191,16,56
129,0.00312256,0.00100000,1,16,1,1,0,0,375,197,17,55
130,0.00329834,0.00100000,1,16,1,1,0,0,225,192,15,56
131,0.00358643,0.00100000,1,16,1,1,0,0,225,183,18,66
132,0.00365234,0.00100000,1,16,1,1,0,0,225,183,23,66
133,0.00378662,0.00100000,1,16,1,1,0,0,225,184,27,66
134,0.00356689,0.00100000,1,16,1,1,0,0,225,185,29,64
135,0.00351074,0.00100000,1,16,1,1,0,0,225,186,31,63
136,0.00352539,0.00100000,1,16,1,1,0,0,226,187,30,63
137,0.00346924,0.00100000,1,16,1,1,0,0,227,187,30,64
138,0.00333008,0.00100000,1,16,1,1,0,0,229,188,28,63
139,0.00315430,0.00100000,1,16,1,1,0,0,231,188,26,63
140,0.00311279,0.00100000,1,16,1,1,0,0,234,180,26,71
141,0.00294678,0.00100000,1,16,1,1,0,0,237,187,20,64
142,0.00302246,0.00100000,1,16,1,1,0,0,241,187,18,64
143,0.00290283,0.00100000,1,16,1,1,0,0,246,186,15,65
144,0.00321045,0.00100000,1,16,1,1,0,0,246,194,17,57
145,0.00346436,0.00100000,1,16,1,1,0,0,246,195,21,56
146,0.00335449,0.00100000,1,16,1,1,0,0,247,195,26,57
147,0.00327881,0.00100000,1,16,1,1,0,0,247,196,30,56
148,0.00346924,0.00100000,1,16,1,1,0,0,247,197,34,55
149,0.00347168,0.00100000,1,16,1,1,0,0,247,198,35,54
150,0.00358887,0.00100000,1,16,1,1,0,0,246,198,38,54
151,0.00379639,0.00100000,1,16,1,1,0,0,247,198,38,55
152,0.00369629,0.00100000,1,16,1,1,0,0,248,199,37,55
153,0.00370117,0.00100000,1,16,1,1,0,0,249,191,37,63
154,0.00370605,0.00100000,1,16,1,1,0,0,252,201,34,53
155,0.00379395,0.00100000,1,16,1,1,0,0,254,199,32,55
156,0.00378418,0.00100000,1,16,1,1,0,0,258,192,28,62
157,0.00363770,0.00100000,1,16,1,1,0,0,261,191,25,63
158,0.00368896,0.00100000,1,16,1,1,0,0,265,188,21,66
159,0.00362305,0.00100000,1,16,1,1,0,0,269,187,17,68
160,0.00356689,0.00100000,1,16,1,1,0,0,273,197,12,59
161,0.00377686,0.00100000,1,16,1,1,0,0,273,197,16,60
162,0.00387451,0.00100000,1,16,1,1,0,0,273,198,21,60
163,0.00371094,0.00100000,1,16,1,1,0,0,273,199,25,59
164,0.00360840,0.00100000,1,16,1,1,0,0,273,200,27,58
165,0.00360596,0.00100000,1,16,1,1,0,0,274,201,27,58
166,0.00356445,0.00100000,1,16,1,1,0,0,275,201,27,58
167,0.00346924,0.00100000,1,16,1,1,0,0,277,200,25,59
168,0.00344971,0.00100000,1,16,1,1,0,0,280,201,22,58
169,0.00346924,0.00100000,1,16,1,1,0,0,283,202,19,57
170,0.00331055,0.00100000,1,16,1,1,0,0,288,202,16,57
171,0.00356445,0.00100000,1,16,1,1,0,0,289,203,17,56
172,0.00372559,0.00100000,1,16,1,1,0,0,290,203,22,56
173,0.00382568,0.00100000,1,16,1,1,0,0,291,204,24,55
174,0.00377930,0.00100000,1,16,1,1,0,0,291,205,25,54
175,0.00382812,0.00100000,1,16,1,1,0,0,292,206,24,53
176,0.00377197,0.00100000,1,16,1,1,0,0,292,206,24,54
177,0.00364014,0.00100000,1,16,1,1,0,0,293,206,22,55
178,0.00358887,0.00100000,1,16,1,1,0,0,294,206,21,56
179,0.00345215,0.00100000,1,16,1,1,0,0,294,205,21,58
180,0.00337891,0.00100000,1,16,1,1,0,0,294,205,27,60
181,0.00344482,0.00100000,1,16,1,1,0,0,295,205,20,62
182,0.00343262,0.00100000,1,16,1,1,0,0,295,204,20,63
183,0.00340820,0.00100000,1,16,1,1,0,0,295,204,19,63
184,0.00323975,0.00100000,1,16,1,1,0,0,295,204,16,63
185,0.00339111,0.00100000,1,16,1,1,0,0,295,205,15,62
186,0.00352295,0.00100000,1,16,1,1,0,0,293,205,17,62
187,0.00362061,0.00100000,1,16,1,1,0,0,292,206,18,61
188,0.00369385,0.00100000,1,16,1,1,0,0,290,206,20,61
189,0.00380615,0.00100000,1,16,1,1,0,0,290,205,20,62
190,0.00384766,0.00100000,1,16,1,1,0,0,290,205,20,62
191,0.00380127,0.00100000,1,16,1,1,0,0,290,205,19,62
192,0.00370850,0.00100000,1,16,1,1,0,0,290,205,18,62
193,0.00368896,0.00100000,1,16,1,1,0,0,290,205,15,61
194,0.00369873,0.00100000,1,16,1,1,0,0,289,205,14,62
195,0.00375977,0.00100000,1,16,1,1,0,0,288,205,15,62
196,0.00371826,0.00100000,1,16,1,1,0,0,287,205,16,62
197,0.00389404,0.00100000,1,16,1,1,0,0,286,204,17,63
198,0.00401367,0.00100000,1,16,1,1,0,0,285,205,18,63
199,0.00417236,0.00100000,1,16,1,1,0,0,282,206,21,64
200,0.00407715,0.00100000,1,16,1,1,0,0,281,208,21,63
201,0.00402588,0.00100000,1,16,1,1,0,0,281,209,21,62
202,0.00377930,0.00100000,1,16,1,1,0,0,281,209,21,62
203,0.00385498,0.00100000,1,16,1,1,0,0,281,209,21,62
204,0.00388916,0.00100000,1,16,1,1,0,0,281,208,20,63
205,0.00404541,0.00100000,1,16,1,1,0,0,281,207,19,64
206,0.00400635,0.00100000,1,16,1,1,0,0,280,206,19,64
207,0.00414307,0.00100000,1,16,1,1,0,0,279,206,20,64
208,0.00406250,0.00100000,1,16,1,1,0,0,278,207,21,63
209,0.00414551,0.00100000,1,16,1,1,0,0,275,208,24,64
210,0.00423584,0.00100000,1,16,1,1,0,0,273,210,26,62
211,0.00409668,0.00100000,1,16,1,1,0,0,273,212,27,60
212,0.00420166,0.00100000,1,16,1,1,0,0,273,213,29,59
213,0.00412598,0.00100000,1,16,1,1,0,0,273,214,30,58
214,0.00407471,0.00100000,1,16,1,1,0,0,274,215,29,57
215,0.00412354,0.00100000,1,16,1,1,0,0,274,215,29,57
216,0.00433594,0.00100000,1,16,1,1,0,0,273,216,28,57
217,0.00438232,0.00100000,1,16,1,1,0,0,272,216,29,57
218,0.00421631,0.00100000,1,16,1,1,0,0,272,216,28,57
219,0.00397949,0.00100000,1,16,1,1,0,0,271,216,28,56
220,0.00404541,0.00100000,1,16,1,1,0,0,271,215,27,57
221,0.00414063,0.00100000,1,16,1,1,0,0,271,213,25,62
222,0.00416748,0.00100000,1,16,1,1,0,0,272,212,28,65
223,0.00432373,0.00100000,1,16,1,1,0,0,271,212,27,67
224,0.00451172,0.00100000,1,16,1,1,0,0,270,212,25,67
225,0.00445557,0.00100000,1,16,1,1,0,0,269,213,23,67
226,0.00429932,0.00100000,1,16,1,1,0,0,269,213,21,67
227,0.00419189,0.00100000,1,16,1,1,0,0,269,212,20,68
228,0.00410156,0.00100000,1,16,1,1,0,0,268,210,18,70
229,0.00401855,0.00100000,1,16,1,1,0,0,267,210,17,70
230,0.00390381,0.00100000,1,16,1,1,0,0,267,209,16,70
231,0.00385742,0.00100000,1,16,1,1,0,0,266,210,15,70
232,0.00411621,0.00100000,1,16,1,1,0,0,264,211,16,69
233,0.00425049,0.00100000,1,16,1,1,0,0,261,212,19,69
234,0.00427979,0.00100000,1,16,1,1,0,0,258,213,22,69
235,0.00420898,0.00100000,1,16,1,1,0,0,255,214,25,70
236,0.00413330,0.00100000,1,16,1,1,0,0,253,215,27,69
237,0.00416504,0.00100000,1,16,1,1,0,0,252,215,28,70
238,0.00393555,0.00100000,1,16,1,1,0,0,251,215,29,70
239,0.00391357,0.00100000,1,16,1,1,0,0,251,214,29,72
240,0.00398926,0.00100000,1,16,1,1,0,0,251,214,28,72
241,0.00385986,0.00100000,1,16,1,1,0,0,251,214,26,72
242,0.00393799,0.00100000,1,16,1,1,0,0,251,213,23,73
243,0.00379395,0.00100000,1,16,1,1,0,0,251,213,21,73
244,0.00377197,0.00100000,1,16,1,1,0,0,252,212,20,74
245,0.00384521,0.00100000,1,16,1,1,0,0,252,212,20,73
246,0.00382324,0.00100000,1,16,1,1,0,0,253,213,19,72
247,0.00412598,0.00100000,1,16,1,1,0,0,252,213,21,73
248,0.00444092,0.00100000,1,16,1,1,0,0,252,213,20,74
249,0.00423828,0.00100000,1,16,1,1,0,0,252,213,19,77
250,0.00387207,0.00100000,1,16,1,1,0,0,252,223,18,68
251,0.00374512,0.00100000,1,16,1,1,0,0,252,224,18,68
252,0.00367920,0.00100000,1,16,1,1,0,0,252,225,18,67
253,0.00370605,0.00100000,1,16,1,1,0,0,252,224,19,68
254,0.00410889,0.00100000,1,16,1,1,0,0,253,206,31,87
255,0.00425781,0.00100000,1,16,1,1,0,0,253,205,30,87
256,0.00391846,0.00100000,1,16,1,1,0,0,252,211,30,81
257,0.00367187,0.00100000,1,16,1,1,0,0,251,212,29,80
258,0.00346680,0.00100000,1,16,1,1,0,0,251,212,27,78
259,0.00320801,0.00100000,1,16,1,1,0,0,250,213,27,72
260,0.00286377,0.00100000,1,16,1,1,0,0,249,224,26,68
261,0.00318604,0.00100000,1,16,1,1,0,0,248,227,28,67
262,0.00345215,0.00100000,1,16,1,1,0,0,247,229,35,64
263,0.00385498,0.00100000,1,16,1,1,0,0,247,230,40,66
264,0.00404541,0.00100000,1,16,1,1,0,0,246,224,41,71
265,0.00434082,0.00100000,1,16,1,1,0,0,242,224,45,70
266,0.00440186,0.00100000,1,16,1,1,0,0,241,225,46,68
267,0.00450684,0.00100000,1,16,1,1,0,0,240,211,48,83
268,0.00449707,0.00100000,1,16,1,1,0,0,240,212,48,82
269,0.00452393,0.00100000,1,16,1,1,0,0,240,212,47,81
270,0.00452148,0.00100000,1,16,1,1,0,0,240,211,28,62
271,0.00446533,0.00100000,1,16,1,1,0,0,240,202,27,71
272,0.00434570,0.00100000,1,16,1,1,0,0,240,195,31,78
273,0.00432861,0.00100000,1,16,1,1,0,0,240,191,33,82
274,0.00422607,0.00100000,1,16,1,1,0,0,240,208,26,65
275,0.00421387,0.00100000,1,16,1,1,0,0,239,209,26,64
276,0.00428467,0.00100000,1,16,1,1,0,0,239,209,26,64
277,0.00414063,0.00100000,1,16,1,1,0,0,239,209,26,64
278,0.00398682,0.00100000,1,16,1,1,0,0,239,195,39,79
279,0.00379883,0.00100000,1,16,1,1,0,0,239,204,27,70
280,0.00351074,0.00100000,1,16,1,1,0,0,240,205,28,69
281,0.00365234,0.00100000,1,16,1,1,0,0,274,215,29,66
282,0.00382568,0.00100000,1,16,1,1,0,0,275,216,29,64
283,0.00373291,0.00100000,1,16,1,1,0,0,277,217,27,64
284,0.00376953,0.00100000,1,16,1,1,0,0,277,217,27,65
285,0.00361328,0.00100000,1,16,1,1,0,0,277,218,28,64
286,0.00356201,0.00100000,1,16,1,1,0,0,277,219,28,63
287,0.00352295,0.00100000,1,16,1,1,0,0,279,219,25,63
288,0.00353027,0.00100000,1,16,1,1,0,0,278,220,26,62
289,0.00328857,0.00100000,1,16,1,1,0,0,268,210,30,40
290,0.00330322,0.00100000,1,16,1,1,0,0,270,211,35,77
291,0.00322021,0.00100000,1,16,1,1,0,0,267,196,39,92
292,0.00359863,0.00100000,1,16,1,1,0,0,286,242,25,45
293,0.00357422,0.00100000,1,16,1,1,0,0,271,191,23,50
294,0.00369141,0.00100000,1,16,1,1,0,0,291,222,28,63
295,0.00369141,0.00100000,1,16,1,1,0,0,291,223,30,61
296,0.00355225,0.00100000,1,16,1,1,0,0,295,223,28,62
297,0.00365479,0.00100000,1,16,1,1,0,0,295,224,31,66
298,0.00345459,0.00100000,1,16,1,1,0,0,295,225,34,65
299,0.00345215,0.00100000,1,16,1,1,0,0,297,224,33,67
300,0.00362549,0.00100000,1,16,1,1,0,0,291,225,40,67
301,0.00375244,0.00100000,1,16,1,1,0,0,287,208,44,84
302,0.00391357,0.00100000,1,16,1,1,0,0,287,196,44,96
303,0.00361816,0.00100000,1,16,1,1,0,0,293,218,38,74
304,0.00372803,0.00100000,1,16,1,1,0,0,289,201,42,91
305,0.00380859,0.00100000,1,16,1,1,0,0,290,201,41,91
306,0.00360107,0.00100000,1,16,1,1,0,0,292,198,39,93
307,0.00321777,0.00100000,1,16,1,1,0,0,297,211,34,80
308,0.00278320,0.00100000,1,16,1,1,0,0,298,220,33,71
309,0.00300049,0.00100000,1,16,1,1,0,0,298,218,33,72
310,0.00309570,0.00100000,1,16,1,1,0,0,299,221,31,68
311,0.00307617,0.00100000,1,16,1,1,0,0,302,223,28,60
312,0.00283203,0.00100000,1,16,1,1,0,0,305,226,25,57
313,0.00287354,0.00100000,1,16,1,1,0,0,305,226,25,57
314,0.00308838,0.00100000,1,16,1,1,0,0,305,225,25,58
315,0.00327393,0.00100000,1,16,1,1,0,0,304,216,25,62
316,0.00330322,0.00100000,1,16,1,1,0,0,299,225,23,53
317,0.00340332,0.00100000,1,16,1,1,0,0,297,224,25,55
318,0.00355469,0.00100000,1,16,1,1,0,0,296,193,39,86
319,0.00354736,0.00100000,1,16,1,1,0,0,302,192,33,71
320,0.00371094,0.00100000,1,16,1,1,0,0,301,190,34,72
321,0.00383789,0.00100000,1,16,1,1,0,0,300,190,35,58
322,0.00392822,0.00100000,1,16,1,1,0,0,318,194,18,51
323,0.00406982,0.00100000,1,16,1,1,0,0,316,192,20,52
324,0.00406006,0.00100000,1,16,1,1,0,0,316,190,20,73
325,0.00379395,0.00100000,1,16,1,1,0,0,319,188,18,75
326,0.00364014,0.00100000,1,16,1,1,0,0,316,188,21,66
327,0.00366211,0.00100000,1,16,1,1,0,0,319,187,18,76
328,0.00344727,0.00100000,1,16,1,1,0,0,319,187,18,76
329,0.00310791,0.00100000,1,16,1,1,0,0,323,211,13,51
330,0.00309570,0.00100000,1,16,1,1,0,0,319,190,18,72
331,0.00292725,0.00100000,1,16,1,1,0,0,324,213,13,49
332,0.00291992,0.00100000,1,16,1,1,0,0,324,214,13,47
333,0.00286377,0.00100000,1,16,1,1,0,0,275,250,17,35
334,0.00282227,0.00100000,1,16,1,1,0,0,275,250,17,35
335,0.00265381,0.00100000,1,16,1,1,0,0,321,226,16,33
336,0.00274658,0.00100000,1,16,1,1,0,0,275,250,23,35
337,0.00270752,0.00100000,1,16,1,1,0,0,275,250,23,35
338,0.00237549,0.00100000,1,16,1,1,0,0,275,251,22,34
339,0.00227539,0.00100000,1,16,1,1,0,0,275,251,22,34
340,0.00200195,0.00100000,1,16,1,1,0,0,275,252,22,32
341,0.00215332,0.00100000,1,16,1,1,0,0,315,218,22,40
342,0.00224365,0.00100000,1,16,1,1,0,0,314,218,23,40
343,0.00223633,0.00100000,1,16,1,1,0,0,312,217,25,41
344,0.00241455,0.00100000,1,16,1,1,0,0,275,257,21,27
345,0.00251953,0.00100000,1,16,1,1,0,0,309,201,17,40
346,0.00242676,0.00100000,1,16,1,1,0,0,306,196,18,48
347,0.00240234,0.00100000,1,16,1,1,0,0,310,209,13,34
348,0.00250977,0.00100000,1,16,1,1,0,0,302,187,21,53
349,0.00270508,0.00100000,1,16,1,1,0,0,297,190,27,54
350,0.00270508,0.00100000,1,16,1,1,0,0,298,190,25,51
351,0.00267090,0.00100000,1,16,1,1,0,0,309,210,14,30
352,0.00265381,0.00100000,1,16,1,1,0,0,308,209,14,32
353,0.00236816,0.00100000,1,16,1,1,0,0,307,210,15,31
354,0.00230225,0.00100000,1,16,1,1,0,0,307,206,14,36
355,0.00218262,0.00100000,1,16,1,1,0,0,302,196,19,46
356,0.00190186,0.00100000,1,16,1,1,0,0,301,197,19,47
357,0.00176270,0.00100000,1,16,1,1,0,0,306,216,13,24
358,0.00172852,0.00100000,1,16,1,1,0,0,307,216,12,24
359,0.00183594,0.00100000,1,16,1,1,0,0,295,190,20,23
360,0.00170654,0.00100000,1,16,1,1,0,0,298,192,20,48
361,0.00159180,0.00100000,1,16,1,1,0,0,301,193,14,20
362,0.00158691,0.00100000,1,16,1,1,0,0,306,213,11,19
363,0.00157715,0.00100000,1,16,1,1,0,0,306,213,10,16
364,0.00159912,0.00100000,1,16,1,1,0,0,306,202,10,27
365,0.00164551,0.00100000,1,16,1,1,0,0,306,201,10,28
366,0.00160889,0.00100000,1,16,1,1,0,0,305,200,11,27
367,0.00150879,0.00100000,1,16,1,1,0,0,305,197,10,29
368,0.00138428,0.00100000,1,16,1,1,0,0,282,152,13,23
369,0.00133057,0.00100000,1,16,1,1,0,0,283,153,13,23
370,0.00140625,0.00100000,1,16,1,1,0,0,283,158,13,19
371,0.00165039,0.00100000,1,16,1,1,0,0,283,158,13,18
372,0.00182861,0.00100000,1,16,1,1,0,0,275,259,13,13
373,0.00211670,0.00100000,1,16,1,1,0,0,279,209,13,21
374,0.00226318,0.00100000,1,16,1,1,0,0,278,208,14,43
375,0.00233398,0.00100000,1,16,1,1,0,0,277,207,15,46
376,0.00232178,0.00100000,1,16,1,1,0,0,275,206,16,51
377,0.00246338,0.00100000,1,16,1,1,0,0,269,206,21,63
378,0.00247559,0.00100000,1,16,1,1,0,0,265,206,21,64
379,0.00250488,0.00100000,1,16,1,1,0,0,262,207,24,62
380,0.00244141,0.00100000,1,16,1,1,0,0,260,208,26,61
381,0.00234619,0.00100000,1,16,1,1,0,0,258,209,28,60
382,0.00232666,0.00100000,1,16,1,1,0,0,257,210,29,59
383,0.00223145,0.00100000,1,16,1,1,0,0,256,211,30,58
384,0.00217041,0.00100000,1,16,1,1,0,0,256,211,30,58
385,0.00233643,0.00100000,1,16,1,1,0,0,256,211,29,58
386,0.00231934,0.00100000,1,16,1,1,0,0,256,211,27,58
387,0.00220947,0.00100000,1,16,1,1,0,0,267,211,15,26
388,0.00213867,0.00100000,1,16,1,1,0,0,267,210,15,26
389,0.00205078,0.00100000,1,16,1,1,0,0,267,210,14,21
390,0.00199707,0.00100000,1,16,1,1,0,0,267,209,13,19
391,0.00192139,0.00100000,1,16,1,1,0,0,267,209,12,19
392,0.00183105,0.00100000,1,16,1,1,0,0,267,208,11,20
393,0.00182129,0.00100000,1,16,1,1,0,0,256,249,23,19
394,0.00182373,0.00100000,1,16,1,1,0,0,256,249,23,20
395,0.00181396,0.00100000,1,16,1,1,0,0,264,208,12,20
396,0.00166260,0.00100000,1,16,1,1,0,0,264,208,11,20
397,0.00176025,0.00100000,1,16,1,1,0,0,264,208,11,20
398,0.00160400,0.00100000,1,16,1,1,0,0,264,209,10,19
399,0.00181152,0.00100000,1,16,1,1,0,0,256,249,14,23
400,0.00183594,0.00100000,1,16,1,1,0,0,256,249,14,23
401,0.00194336,0.00100000,1,16,1,1,0,0,263,150,13,23
402,0.00196045,0.00100000,1,16,1,1,0,0,263,149,13,24
403,0.00181641,0.00100000,1,16,1,1,0,0,262,149,13,24
404,0.00155762,0.00100000,1,16,1,1,0,0,262,149,13,24
405,0.00149902,0.00100000,1,16,1,1,0,0,262,149,13,23
406,0.00148438,0.00100000,1,16,1,1,0,0,262,149,13,24
407,0.00140869,0.00100000,1,16,1,1,0,0,294,207,9,24
408,0.00134277,0.00100000,1,16,1,1,0,0,262,149,13,22
409,0.00131104,0.00100000,1,16,1,1,0,0,294,208,9,19
410,0.00131592,0.00100000,1,16,1,1,0,0,294,208,9,19
411,0.00121338,0.00100000,1,16,1,1,0,0,294,208,9,19
412,0.00121826,0.00100000,1,16,1,1,0,0,293,208,9,24
413,0.00124756,0.00100000,1,16,1,1,0,0,293,207,9,23
414,0.00107666,0.00100000,1,16,1,1,0,0,293,205,8,19
415,0.00088623,0.00100000,0,15,1,1,1,0,292,204,8,18
416,0.00088135,0.00100000,0,14,1,1,2,0,264,167,14,14
417,0.00079834,0.00100000,0,13,1,1,3,0,266,167,12,13
418,0.00092773,0.00100000,0,12,1,1,4,0,265,168,12,12
419,0.00089600,0.00100000,0,11,1,1,5,0,279,181,15,11
420,0.00094238,0.00100000,0,10,1,1,6,0,273,184,20,12
421,0.00087646,0.00100000,0,9,1,1,7,0,270,213,8,15
422,0.00095215,0.00100000,0,8,1,1,8,0,266,211,12,17
423,0.00119873,0.00100000,1,8,1,1,0,0,265,209,13,19
424,0.00123779,0.00100000,1,8,1,1,0,0,265,209,13,19
425,0.00134277,0.00100000,1,8,1,1,0,0,266,209,12,19
426,0.00112793,0.00100000,1,8,1,1,0,0,263,255,13,17
427,0.00105713,0.00100000,1,8,1,1,0,0,262,255,14,17
428,0.00097900,0.00100000,0,7,1,1,1,0,261,255,15,17
429,0.00096680,0.00100000,0,6,1,1,2,0,266,254,11,18
430,0.00099854,0.00100000,0,5,0,1,3,0,266,254,11,17
431,0.00091797,0.00100000,0,5,0,1,4,0,271,213,15,15
432,0.00089600,0.00100000,0,5,0,1,5,0,271,213,15,15
433,0.00088623,0.00100000,0,5,0,1,6,0,273,211,12,17
434,0.00102051,0.00100000,1,6,1,1,0,0,275,236,11,28
435,0.00091309,0.00100000,0,6,1,1,1,0,266,207,19,19
436,0.00084229,0.00100000,0,6,1,1,2,0,270,207,15,18
437,0.00071045,0.00100000,0,6,1,1,3,0,271,157,13,15
438,0.00076904,0.00100000,0,6,1,1,4,0,272,154,12,17
439,0.00080322,0.00100000,0,5,0,1,5,0,273,153,10,23
440,0.00080078,0.00100000,0,4,0,1,6,0,274,163,11,13
441,0.00084473,0.00100000,0,3,0,1,7,0,274,152,9,22
442,0.00085938,0.00100000,0,2,0,1,8,0,275,161,10,12
443,0.00095215,0.00100000,0,1,0,1,9,0,274,151,11,27
444,0.00101563,0.00100000,1,2,0,1,0,0,274,151,12,26
445,0.00088623,0.00100000,0,2,0,1,1,0,274,152,12,27
446,0.00075928,0.00100000,0,2,0,1,2,0,275,153,12,27
447,0.00071777,0.00100000,0,2,0,1,3,0,275,155,13,19
448,0.00075684,0.00100000,0,2,0,1,4,0,275,156,12,18
449,0.00089600,0.00100000,0,2,0,1,5,0,275,157,13,15
450,0.00092041,0.00100000,0,1,0,1,6,0,275,157,14,15
451,0.00092773,0.00100000,0,1,0,1,7,0,298,246,11,23
452,0.00118652,0.00100000,1,2,0,1,0,0,298,242,14,28
453,0.00125732,0.00100000,1,3,0,1,0,0,302,244,12,27
454,0.00129639,0.00100000,1,4,0,1,0,0,300,238,14,35
455,0.00125488,0.00100000,1,5,0,1,0,0,303,256,11,17
456,0.00122070,0.00100000,1,6,1,1,0,0,303,242,11,31
457,0.00128906,0.00100000,1,7,1,1,0,0,283,248,14,28
458,0.00129883,0.00100000,1,8,1,1,0,0,290,248,24,28
459,0.00114746,0.00100000,1,9,1,1,0,0,296,246,18,30
460,0.00103516,0.00100000,1,9,1,1,0,0,302,244,13,33
461,0.00110840,0.00100000,1,10,1,1,0,0,303,256,16,21
462,0.00125000,0.00100000,1,11,1,1,0,0,303,255,20,23
463,0.00128174,0.00100000,1,12,1,1,0,0,314,254,13,25
464,0.00135010,0.00100000,1,13,1,1,0,0,314,249,15,30
465,0.00141357,0.00100000,1,14,1,1,0,0,315,254,14,26
466,0.00154297,0.00100000,1,15,1,1,0,0,315,254,14,26
467,0.00140137,0.00100000,1,16,1,1,0,0,315,254,14,26
468,0.00137695,0.00100000,1,16,1,1,0,0,315,254,14,26
469,0.00151367,0.00100000,1,16,1,1,0,0,309,223,20,57
470,0.00165527,0.00100000,1,16,1,1,0,0,309,221,12,33
471,0.00171875,0.00100000,1,16,1,1,0,0,309,219,12,35
472,0.00143555,0.00100000,1,16,1,1,0,0,309,216,12,38
473,0.00147461,0.00100000,1,16,1,1,0,0,309,215,12,39
474,0.00126221,0.00100000,1,16,1,1,0,0,309,214,11,40
475,0.00135498,0.00100000,1,16,1,1,0,0,309,212,11,29
476,0.00134521,0.00100000,1,16,1,1,0,0,309,212,11,27
477,0.00146484,0.00100000,1,16,1,1,0,0,309,212,11,27
478,0.00132568,0.00100000,1,16,1,1,0,0,310,213,9,26
479,0.00144531,0.00100000,1,16,1,1,0,0,311,256,13,19
480,0.00128662,0.00100000,1,16,1,1,0,0,306,151,13,24
481,0.00115723,0.00100000,1,16,1,1,0,0,311,263,13,12
482,0.00116455,0.00100000,1,16,1,1,0,0,306,152,14,23
483,0.00128906,0.00100000,1,16,1,1,0,0,306,153,13,23
484,0.00122803,0.00100000,1,16,1,1,0,0,311,259,13,14
485,0.00102051,0.00100000,1,16,1,1,0,0,311,258,12,14
486,0.00086426,0.00100000,0,15,1,1,1,0,311,256,12,16
487,0.00075195,0.00100000,0,14,1,1,2,0,311,256,12,15
488,0.00076660,0.00100000,0,13,1,1,3,0,310,254,13,17
489,0.00081543,0.00100000,0,12,1,1,4,0,308,256,15,15
490,0.00088867,0.00100000,0,11,1,1,5,0,306,256,17,15
491,0.00100830,0.00100000,1,11,1,1,0,0,311,212,10,28
492,0.00117187,0.00100000,1,11,1,1,0,0,312,209,10,34
493,0.00114014,0.00100000,1,11,1,1,0,0,312,209,10,32
494,0.00131836,0.00100000,1,11,1,1,0,0,312,209,13,45
495,0.00135986,0.00100000,1,11,1,1,0,0,312,209,14,46
496,0.00124023,0.00100000,1,11,1,1,0,0,314,211,12,44
497,0.00134277,0.00100000,1,11,1,1,0,0,315,211,11,44
498,0.00132324,0.00100000,1,11,1,1,0,0,317,212,9,43
499,0.00128906,0.00100000,1,11,1,1,0,0,315,210,10,34
500,0.00137451,0.00100000,1,11,1,1,0,0,313,207,12,37
501,0.00122070,0.00100000,1,11,1,1,0,0,313,191,14,32
502,0.00125488,0.00100000,1,12,1,1,0,0,303,149,16,22
503,0.00128418,0.00100000,1,13,1,1,0,0,318,217,7,26
504,0.00103271,0.00100000,1,14,1,1,0,0,302,247,10,22
505,0.00089111,0.00100000,0,14,1,1,1,0,299,246,10,23
506,0.00088623,0.00100000,0,14,1,1,2,0,294,247,11,22
507,0.00083740,0.00100000,0,13,1,1,3,0,289,248,12,21
508,0.00087891,0.00100000,0,12,1,1,4,0,285,250,12,21
509,0.00083984,0.00100000,0,11,1,1,5,0,282,259,13,12
510,0.00079590,0.00100000,0,10,1,1,6,0,280,260,12,11
511,0.00092041,0.00100000,0,9,1,1,7,0,280,260,12,12
512,0.00087646,0.00100000,0,8,1,1,8,0,280,261,11,12
513,0.00083496,0.00100000,0,7,1,1,9,0,280,261,11,12
514,0.00080078,0.00100000,0,6,1,0,0,6,280,262,11,10
515,0.00080566,0.00100000,0,0,0,0,0,5,289,151,10,21
516,0.00067139,0.00100000,0,0,0,0,0,4,280,262,11,11
517,0.00062500,0.00100000,0,0,0,0,0,3,280,261,11,11
518,0.00072266,0.00100000,0,0,0,0,0,2,280,261,11,11
519,0.00074707,0.00100000,0,0,0,0,0,1,280,260,11,11
520,0.00079102,0.00100000,0,0,0,0,0,0,283,146,12,22
521,0.00087891,0.00100000,0,0,0,0,0,0,294,248,6,20
522,0.00065674,0.00100000,0,0,0,0,0,0,282,146,12,22
523,0.00064941,0.00100000,0,0,0,0,0,0,293,250,7,19
524,0.00055664,0.00100000,0,0,0,0,0,0,278,254,8,10
525,0.00063965,0.00100000,0,0,0,0,0,0,293,249,7,20
526,0.00065186,0.00100000,0,0,0,0,0,0,273,243,9,25
527,0.00062012,0.00100000,0,0,0,0,0,0,272,243,9,25
528,0.00060791,0.00100000,0,0,0,0,0,0,273,246,8,22
529,0.00067383,0.00100000,0,0,0,0,0,0,273,246,9,22
530,0.00059570,0.00100000,0,0,0,0,0,0,272,247,9,21
531,0.00052979,0.00100000,0,0,0,0,0,0,273,250,8,18
532,0.00050781,0.00100000,0,0,0,0,0,0,273,250,8,16
533,0.00031250,0.00100000,0,0,0,0,0,0,287,251,8,10
534,0.00031982,0.00100000,0,0,0,0,0,0,286,251,8,10
535,0.00022461,0.00100000,0,0,0,0,0,0,286,251,8,10
536,0.00022217,0.00100000,0,0,0,0,0,0,286,251,9,9
537,0.00023926,0.00100000,0,0,0,0,0,0,286,251,9,9
538,0.00026855,0.00100000,0,0,0,0,0,0,286,251,9,9
539,0.00038086,0.00100000,0,0,0,0,0,0,267,246,7,7
540,0.00056885,0.00100000,0,0,0,0,0,0,265,246,8,9
541,0.00056885,0.00100000,0,0,0,0,0,0,279,157,9,11
542,0.00063232,0.00100000,0,0,0,0,0,0,278,148,10,20
543,0.00067627,0.00100000,0,0,0,0,0,0,278,148,9,20
544,0.00064941,0.00100000,0,0,0,0,0,0,277,149,10,19
545,0.00073486,0.00100000,0,0,0,0,0,0,276,149,11,20
546,0.00072754,0.00100000,0,0,0,0,0,0,275,150,11,20
547,0.00076904,0.00100000,0,0,0,0,0,0,274,152,11,18
548,0.00071289,0.00100000,0,0,0,0,0,0,273,152,10,18
549,0.00084961,0.00100000,0,0,0,0,0,0,272,153,10,17
550,0.00089844,0.00100000,0,0,0,0,0,0,270,153,11,19
551,0.00104248,0.00100000,1,1,0,0,0,0,269,152,11,18
552,0.00118164,0.00100000,1,2,0,0,0,0,267,250,20,12
553,0.00112061,0.00100000,1,3,0,0,0,0,267,250,16,12
554,0.00109375,0.00100000,1,4,0,0,0,0,265,250,14,12
555,0.00119629,0.00100000,1,5,0,0,0,0,260,248,19,15
556,0.00103516,0.00100000,1,6,1,1,0,0,256,248,12,16
557,0.00134521,0.00100000,1,7,1,1,0,0,253,232,15,32
558,0.00162354,0.00100000,1,8,1,1,0,0,250,207,23,58
559,0.00154053,0.00100000,1,9,1,1,0,0,249,208,21,57
560,0.00141846,0.00100000,1,10,1,1,0,0,249,209,21,56
561,0.00146973,0.00100000,1,11,1,1,0,0,249,209,21,56
562,0.00145996,0.00100000,1,12,1,1,0,0,249,209,21,56
563,0.00156006,0.00100000,1,13,1,1,0,0,249,208,21,57
564,0.00153809,0.00100000,1,14,1,1,0,0,249,207,21,58
565,0.00148193,0.00100000,1,15,1,1,0,0,250,205,20,60
566,0.00146240,0.00100000,1,16,1,1,0,0,250,204,20,60
567,0.00148193,0.00100000,1,16,1,1,0,0,251,203,19,61
568,0.00156738,0.00100000,1,16,1,1,0,0,251,203,19,60
569,0.00154053,0.00100000,1,16,1,1,0,0,252,203,18,61
570,0.00155029,0.00100000,1,16,1,1,0,0,252,205,17,60
571,0.00152100,0.00100000,1,16,1,1,0,0,252,205,18,60
572,0.00150391,0.00100000,1,16,1,1,0,0,252,206,18,59
573,0.00146729,0.00100000,1,16,1,1,0,0,252,206,17,59
574,0.00141846,0.00100000,1,16,1,1,0,0,252,206,16,58
575,0.00128418,0.00100000,1,16,1,1,0,0,252,233,16,31
576,0.00144775,0.00100000,1,16,1,1,0,0,252,207,16,57
577,0.00129395,0.00100000,1,16,1,1,0,0,253,208,15,55
578,0.00114502,0.00100000,1,16,1,1,0,0,253,224,15,38
579,0.00103516,0.00100000,1,16,1,1,0,0,259,224,7,24
580,0.00097412,0.00100000,0,15,1,1,1,0,258,154,10,21
581,0.00088623,0.00100000,0,14,1,1,2,0,259,225,7,16
582,0.00078369,0.00100000,0,13,1,1,3,0,259,225,7,16
583,0.00082520,0.00100000,0,12,1,1,4,0,259,154,9,20
584,0.00077148,0.00100000,0,11,1,1,5,0,257,247,13,10
585,0.00071045,0.00100000,0,10,1,1,6,0,261,152,7,20
586,0.00072998,0.00100000,0,9,1,1,7,0,262,150,17,20
587,0.00057617,0.00100000,0,8,1,1,8,0,263,159,15,9
588,0.00062012,0.00100000,0,7,1,1,9,0,264,159,14,8
589,0.00066895,0.00100000,0,6,1,0,0,6,264,158,14,9
590,0.00065430,0.00100000,0,0,0,0,0,5,265,149,13,17
591,0.00068115,0.00100000,0,0,0,0,0,4,266,146,12,21
592,0.00062500,0.00100000,0,0,0,0,0,3,267,147,11,20
593,0.00059570,0.00100000,0,0,0,0,0,2,267,157,11,11
594,0.00029541,0.00100000,0,0,0,0,0,1,269,148,8,20
595,0.00030762,0.00100000,0,0,0,0,0,0,269,149,7,10
596,0.00044678,0.00100000,0,0,0,0,0,0,268,243,13,20
597,0.00053955,0.00100000,0,0,0,0,0,0,268,248,17,15
598,0.00054932,0.00100000,0,0,0,0,0,0,279,249,9,15
599,0.00060303,0.00100000,0,0,0,0,0,0,282,250,9,17
600,0.00069824,0.00100000,0,0,0,0,0,0,283,252,10,17
601,0.00067139,0.00100000,0,0,0,0,0,0,283,256,12,13
602,0.00069336,0.00100000,0,0,0,0,0,0,283,258,13,11
603,0.00088623,0.00100000,0,0,0,0,0,0,283,258,13,12
604,0.00084961,0.00100000,0,0,0,0,0,0,283,258,13,11
605,0.00078125,0.00100000,0,0,0,0,0,0,277,254,19,15
606,0.00066162,0.00100000,0,0,0,0,0,0,282,256,14,13
607,0.00056641,0.00100000,0,0,0,0,0,0,283,254,15,16
608,0.00064697,0.00100000,0,0,0,0,0,0,283,252,20,18
609,0.00065918,0.00100000,0,0,0,0,0,0,283,252,24,18
610,0.00066895,0.00100000,0,0,0,0,0,0,283,259,13,11
611,0.00072266,0.00100000,0,0,0,0,0,0,298,248,13,17
612,0.00077393,0.00100000,0,0,0,0,0,0,298,248,13,17
613,0.00091797,0.00100000,0,0,0,0,0,0,298,248,13,17
614,0.00102295,0.00100000,1,1,0,0,0,0,287,236,24,32
615,0.00097656,0.00100000,0,1,0,0,0,0,291,250,20,18
616,0.00097412,0.00100000,0,1,0,0,0,0,296,236,15,32
617,0.00080811,0.00100000,0,1,0,0,0,0,298,236,16,32
618,0.00082031,0.00100000,0,1,0,0,0,0,298,242,20,25
619,0.00083252,0.00100000,0,1,0,0,0,0,298,245,25,22
620,0.00080078,0.00100000,0,1,0,0,0,0,298,245,13,20
621,0.00073242,0.00100000,0,1,0,0,0,0,318,247,12,20
622,0.00094727,0.00100000,0,1,0,0,0,0,320,244,12,24
623,0.00153076,0.00100000,1,2,0,0,0,0,314,212,19,56
624,0.00176514,0.00100000,1,3,0,0,0,0,314,210,20,58
625,0.00181885,0.00100000,1,4,0,0,0,0,314,211,20,57
626,0.00187500,0.00100000,1,5,0,0,0,0,314,211,20,57
627,0.00191650,0.00100000,1,6,1,1,0,0,314,211,20,57
628,0.00199707,0.00100000,1,7,1,1,0,0,314,210,20,58
629,0.00215576,0.00100000,1,8,1,1,0,0,312,209,22,59
630,0.00207520,0.00100000,1,8,1,1,0,0,317,208,17,60
631,0.00195068,0.00100000,1,9,1,1,0,0,319,207,15,61
632,0.00203857,0.00100000,1,10,1,1,0,0,320,206,18,62
633,0.00201416,0.00100000,1,11,1,1,0,0,322,206,18,62
634,0.00187988,0.00100000,1,12,1,1,0,0,324,207,16,61
635,0.00182861,0.00100000,1,13,1,1,0,0,327,208,14,60
636,0.00182617,0.00100000,1,14,1,1,0,0,327,210,14,59
637,0.00190430,0.00100000,1,15,1,1,0,0,328,212,11,47
638,0.00213135,0.00100000,1,16,1,1,0,0,328,212,15,57
639,0.00241699,0.00100000,1,16,1,1,0,0,328,213,17,56
640,0.00276611,0.00100000,1,16,1,1,0,0,328,212,20,57
641,0.00277100,0.00100000,1,16,1,1,0,0,328,212,17,57
642,0.00305908,0.00100000,1,16,1,1,0,0,316,211,30,57
643,0.00317139,0.00100000,1,16,1,1,0,0,328,209,23,58
644,0.00317627,0.00100000,1,16,1,1,0,0,329,209,23,56
645,0.00303467,0.00100000,1,16,1,1,0,0,331,209,21,55
646,0.00311279,0.00100000,1,16,1,1,0,0,334,209,18,55
647,0.00286865,0.00100000,1,16,1,1,0,0,337,207,15,56
648,0.00288086,0.00100000,1,16,1,1,0,0,338,207,15,55
649,0.00303223,0.00100000,1,16,1,1,0,0,339,206,16,56
650,0.00282227,0.00100000,1,16,1,1,0,0,341,205,15,56
651,0.00305664,0.00100000,1,16,1,1,0,0,342,206,14,54
652,0.00310303,0.00100000,1,16,1,1,0,0,344,207,13,54
653,0.00316650,0.00100000,1,16,1,1,0,0,345,207,12,54
654,0.00317139,0.00100000,1,16,1,1,0,0,345,208,13,53
655,0.00297852,0.00100000,1,16,1,1,0,0,345,207,14,54
656,0.00290527,0.00100000,1,16,1,1,0,0,345,206,15,54
657,0.00276367,0.00100000,1,16,1,1,0,0,346,205,15,54
658,0.00274170,0.00100000,1,16,1,1,0,0,348,202,15,57
659,0.00282471,0.00100000,1,16,1,1,0,0,348,201,16,56
660,0.00294678,0.00100000,1,16,1,1,0,0,346,200,20,56
661,0.00297119,0.00100000,1,16,1,1,0,0,352,199,16,48
662,0.00289062,0.00100000,1,16,1,1,0,0,352,200,19,47
663,0.00281250,0.00100000,1,16,1,1,0,0,344,200,30,56
664,0.00276367,0.00100000,1,16,1,1,0,0,344,200,33,56
665,0.00258057,0.00100000,1,16,1,1,0,0,344,201,34,55
666,0.00244629,0.00100000,1,16,1,1,0,0,344,202,34,54
667,0.00235840,0.00100000,1,16,1,1,0,0,344,201,34,55
668,0.00225586,0.00100000,1,16,1,1,0,0,351,200,27,47
669,0.00216553,0.00100000,1,16,1,1,0,0,352,200,26,47
670,0.00199707,0.00100000,1,16,1,1,0,0,353,199,25,48
671,0.00195801,0.00100000,1,16,1,1,0,0,354,198,24,48
672,0.00182861,0.00100000,1,16,1,1,0,0,355,198,23,45
673,0.00182617,0.00100000,1,16,1,1,0,0,355,199,23,43
674,0.00174072,0.00100000,1,16,1,1,0,0,356,199,22,43
675,0.00171387,0.00100000,1,16,1,1,0,0,357,199,21,43
676,0.00170166,0.00100000,1,16,1,1,0,0,358,200,20,46
677,0.00177979,0.00100000,1,16,1,1,0,0,358,200,20,46
678,0.00161133,0.00100000,1,16,1,1,0,0,358,199,19,45
679,0.00166504,0.00100000,1,16,1,1,0,0,358,199,19,47
680,0.00161621,0.00100000,1,16,1,1,0,0,358,199,17,46
681,0.00153076,0.00100000,1,16,1,1,0,0,358,199,16,46
682,0.00147461,0.00100000,1,16,1,1,0,0,358,199,15,46
683,0.00144043,0.00100000,1,16,1,1,0,0,358,199,14,46
684,0.00148438,0.00100000,1,16,1,1,0,0,357,199,14,47
685,0.00160400,0.00100000,1,16,1,1,0,0,356,200,15,46
686,0.00166016,0.00100000,1,16,1,1,0,0,354,200,17,46
687,0.00178467,0.00100000,1,16,1,1,0,0,353,200,18,46
688,0.00176270,0.00100000,1,16,1,1,0,0,351,200,20,46
689,0.00177490,0.00100000,1,16,1,1,0,0,350,200,21,46
690,0.00167969,0.00100000,1,16,1,1,0,0,348,200,23,46
691,0.00171631,0.00100000,1,16,1,1,0,0,347,200,24,46
692,0.00157227,0.00100000,1,16,1,1,0,0,346,199,13,42
693,0.00156006,0.00100000,1,16,1,1,0,0,345,199,14,43
694,0.00156494,0.00100000,1,16,1,1,0,0,344,198,15,43
695,0.00157715,0.00100000,1,16,1,1,0,0,344,198,15,44
696,0.00164307,0.00100000,1,16,1,1,0,0,343,197,25,45
697,0.00178711,0.00100000,1,16,1,1,0,0,342,197,23,45
698,0.00182373,0.00100000,1,16,1,1,0,0,341,196,22,45
699,0.00188721,0.00100000,1,16,1,1,0,0,339,196,21,44
700,0.00184814,0.00100000,1,16,1,1,0,0,337,195,19,45
701,0.00196289,0.00100000,1,16,1,1,0,0,336,195,16,48
702,0.00215332,0.00100000,1,16,1,1,0,0,334,196,17,47
703,0.00221436,0.00100000,1,16,1,1,0,0,333,197,18,47
704,0.00231689,0.00100000,1,16,1,1,0,0,332,198,19,45
705,0.00220703,0.00100000,1,16,1,1,0,0,331,200,19,42
706,0.00204834,0.00100000,1,16,1,1,0,0,330,202,18,39
707,0.00171631,0.00100000,1,16,1,1,0,0,329,203,17,37
708,0.00138672,0.00100000,1,16,1,1,0,0,330,205,15,34
709,0.00149902,0.00100000,1,16,1,1,0,0,329,205,14,34
710,0.00171387,0.00100000,1,16,1,1,0,0,328,203,13,37
711,0.00179443,0.00100000,1,16,1,1,0,0,322,202,19,49
712,0.00196533,0.00100000,1,16,1,1,0,0,322,202,19,50
713,0.00196533,0.00100000,1,16,1,1,0,0,322,202,18,52
714,0.00200195,0.00100000,1,16,1,1,0,0,322,201,18,42
715,0.00192627,0.00100000,1,16,1,1,0,0,322,201,18,53
716,0.00186035,0.00100000,1,16,1,1,0,0,326,200,14,54
717,0.00183594,0.00100000,1,16,1,1,0,0,326,200,14,54
718,0.00175781,0.00100000,1,16,1,1,0,0,326,199,14,55
719,0.00181396,0.00100000,1,16,1,1,0,0,326,198,14,56
720,0.00173828,0.00100000,1,16,1,1,0,0,327,197,14,57
721,0.00172852,0.00100000,1,16,1,1,0,0,329,197,13,57
722,0.00185791,0.00100000,1,16,1,1,0,0,328,198,17,57
723,0.00191406,0.00100000,1,16,1,1,0,0,327,200,19,55
724,0.00186035,0.00100000,1,16,1,1,0,0,326,200,20,55
725,0.00185791,0.00100000,1,16,1,1,0,0,325,199,21,56
726,0.00197998,0.00100000,1,16,1,1,0,0,324,199,22,56
727,0.00187744,0.00100000,1,16,1,1,0,0,324,199,22,56
728,0.00199951,0.00100000,1,16,1,1,0,0,324,198,22,56
729,0.00186523,0.00100000,1,16,1,1,0,0,324,199,22,55
730,0.00181396,0.00100000,1,16,1,1,0,0,324,198,22,55
731,0.00176025,0.00100000,1,16,1,1,0,0,324,199,21,54
732,0.00161621,0.00100000,1,16,1,1,0,0,324,198,13,26
733,0.00140381,0.00100000,1,16,1,1,0,0,324,197,13,19
734,0.00121094,0.00100000,1,16,1,1,0,0,323,196,13,19
735,0.00117432,0.00100000,1,16,1,1,0,0,323,195,12,20
736,0.00114014,0.00100000,1,16,1,1,0,0,323,195,11,18
737,0.00109863,0.00100000,1,16,1,1,0,0,323,194,11,18
738,0.00114258,0.00100000,1,16,1,1,0,0,323,193,10,18
739,0.00114014,0.00100000,1,16,1,1,0,0,323,193,9,18
740,0.00128418,0.00100000,1,16,1,1,0,0,318,140,10,20
741,0.00125732,0.00100000,1,16,1,1,0,0,318,140,10,20
742,0.00134277,0.00100000,1,16,1,1,0,0,321,226,12,24
743,0.00139648,0.00100000,1,16,1,1,0,0,320,225,12,25
744,0.00134277,0.00100000,1,16,1,1,0,0,320,225,12,26
745,0.00134766,0.00100000,1,16,1,1,0,0,311,140,17,28
746,0.00128906,0.00100000,1,16,1,1,0,0,311,140,17,24
747,0.00119629,0.00100000,1,16,1,1,0,0,312,150,16,14
748,0.00102539,0.00100000,1,16,1,1,0,0,321,194,9,18
749,0.00100830,0.00100000,1,16,1,1,0,0,320,226,12,25
750,0.00099365,0.00100000,0,15,1,1,1,0,320,192,10,20
751,0.00092529,0.00100000,0,14,1,1,2,0,320,226,12,25
752,0.00094482,0.00100000,0,13,1,1,3,0,320,226,11,24
753,0.00084961,0.00100000,0,12,1,1,4,0,318,226,17,23
754,0.00073975,0.00100000,0,11,1,1,5,0,317,237,10,11
755,0.00082520,0.00100000,0,10,1,1,6,0,314,237,11,11
756,0.00085205,0.00100000,0,9,1,1,7,0,311,238,10,10
757,0.00075195,0.00100000,0,8,1,1,8,0,308,239,10,9
758,0.00066650,0.00100000,0,7,1,1,9,0,304,240,12,9
759,0.00071777,0.00100000,0,6,1,0,0,6,327,233,11,16
760,0.00074219,0.00100000,0,0,0,0,0,5,301,241,12,10
761,0.00056396,0.00100000,0,0,0,0,0,4,301,242,12,10
762,0.00063232,0.00100000,0,0,0,0,0,3,301,242,12,10
763,0.00057617,0.00100000,0,0,0,0,0,2,301,242,12,10
764,0.00056641,0.00100000,0,0,0,0,0,1,301,242,11,10
765,0.00066895,0.00100000,0,0,0,0,0,0,306,139,9,21
766,0.00080811,0.00100000,0,0,0,0,0,0,301,241,11,10
767,0.00081543,0.00100000,0,0,0,0,0,0,301,240,11,11
768,0.00078369,0.00100000,0,0,0,0,0,0,302,137,12,20
769,0.00067139,0.00100000,0,0,0,0,0,0,301,147,12,11
770,0.00079834,0.00100000,0,0,0,0,0,0,300,147,12,11
771,0.00069336,0.00100000,0,0,0,0,0,0,299,148,13,12
772,0.00066162,0.00100000,0,0,0,0,0,0,298,150,13,12
773,0.00067139,0.00100000,0,0,0,0,0,0,297,141,13,22
774,0.00052734,0.00100000,0,0,0,0,0,0,296,151,12,13
775,0.00054932,0.00100000,0,0,0,0,0,0,294,151,13,14
776,0.00066406,0.00100000,0,0,0,0,0,0,292,151,14,14
777,0.00079834,0.00100000,0,0,0,0,0,0,291,150,14,15
778,0.00072998,0.00100000,0,0,0,0,0,0,289,150,14,15
779,0.00080566,0.00100000,0,0,0,0,0,0,288,142,14,22
780,0.00084229,0.00100000,0,0,0,0,0,0,287,148,14,15
781,0.00091553,0.00100000,0,0,0,0,0,0,285,141,14,22
782,0.00100586,0.00100000,1,1,0,0,0,0,284,147,14,15
783,0.00101074,0.00100000,1,2,0,0,0,0,283,146,14,16
784,0.00104248,0.00100000,1,3,0,0,0,0,284,139,12,20
785,0.00093262,0.00100000,0,3,0,0,0,0,283,145,12,13
786,0.00088623,0.00100000,0,3,0,0,0,0,283,138,11,20
787,0.00083740,0.00100000,0,3,0,0,0,0,281,240,14,10
788,0.00085205,0.00100000,0,3,0,0,0,0,281,144,12,14
789,0.00084229,0.00100000,0,3,0,0,0,0,280,195,12,14
790,0.00070557,0.00100000,0,3,0,0,0,0,280,195,11,15
791,0.00082764,0.00100000,0,3,0,0,0,0,279,139,12,19
792,0.00073975,0.00100000,0,3,0,0,0,0,278,195,12,12
793,0.00076904,0.00100000,0,3,0,0,0,0,278,195,11,13
794,0.00081055,0.00100000,0,3,0,0,0,0,277,141,12,17
795,0.00093750,0.00100000,0,3,0,0,0,0,276,196,12,12
796,0.00090576,0.00100000,0,3,0,0,0,0,275,145,13,14
797,0.00082275,0.00100000,0,3,0,0,0,0,274,195,11,14
798,0.00077637,0.00100000,0,2,0,0,0,0,273,195,10,16
799,0.00090820,0.00100000,0,1,0,0,0,0,273,194,11,19
800,0.00090088,0.00100000,0,0,0,0,0,0,272,194,10,18
801,0.00088135,0.00100000,0,0,0,0,0,0,271,194,11,29
802,0.00103516,0.00100000,1,1,0,0,0,0,270,194,12,19
803,0.00110596,0.00100000,1,2,0,0,0,0,270,193,12,31
804,0.00121338,0.00100000,1,3,0,0,0,0,268,193,14,36
805,0.00117432,0.00100000,1,4,0,0,0,0,267,192,13,30
806,0.00125244,0.00100000,1,5,0,0,0,0,262,192,18,45
807,0.00130859,0.00100000,1,6,1,1,0,0,260,192,20,46
808,0.00131348,0.00100000,1,7,1,1,0,0,262,191,17,40
809,0.00145508,0.00100000,1,8,1,1,0,0,257,191,22,48
810,0.00149658,0.00100000,1,9,1,1,0,0,257,191,21,48
811,0.00154297,0.00100000,1,10,1,1,0,0,257,191,21,48
812,0.00162842,0.00100000,1,11,1,1,0,0,257,191,20,48
813,0.00167480,0.00100000,1,12,1,1,0,0,257,191,20,49
814,0.00186523,0.00100000,1,13,1,1,0,0,257,190,19,50
815,0.00182617,0.00100000,1,14,1,1,0,0,257,190,19,50
816,0.00187012,0.00100000,1,15,1,1,0,0,257,189,18,51
817,0.00194580,0.00100000,1,16,1,1,0,0,257,189,17,51
818,0.00185791,0.00100000,1,16,1,1,0,0,258,189,16,43
819,0.00191406,0.00100000,1,16,1,1,0,0,257,189,16,51
820,0.00190430,0.00100000,1,16,1,1,0,0,257,188,17,44
821,0.00202637,0.00100000,1,16,1,1,0,0,257,188,16,52
822,0.00189209,0.00100000,1,16,1,1,0,0,257,187,15,53
823,0.00198975,0.00100000,1,16,1,1,0,0,256,187,14,53
824,0.00213867,0.00100000,1,16,1,1,0,0,256,187,14,53
825,0.00213135,0.00100000,1,16,1,1,0,0,255,187,14,53
826,0.00201172,0.00100000,1,16,1,1,0,0,255,187,13,52
827,0.00182617,0.00100000,1,16,1,1,0,0,255,187,12,52
828,0.00185303,0.00100000,1,16,1,1,0,0,254,187,12,52
829,0.00183838,0.00100000,1,16,1,1,0,0,254,187,12,51
830,0.00182129,0.00100000,1,16,1,1,0,0,253,187,12,51
831,0.00180908,0.00100000,1,16,1,1,0,0,253,187,11,50
832,0.00176025,0.00100000,1,16,1,1,0,0,252,187,12,48
833,0.00182861,0.00100000,1,16,1,1,0,0,252,187,12,47
834,0.00187256,0.00100000,1,16,1,1,0,0,251,186,11,39
835,0.00185791,0.00100000,1,16,1,1,0,0,250,186,12,37
836,0.00194824,0.00100000,1,16,1,1,0,0,250,185,11,36
837,0.00208252,0.00100000,1,16,1,1,0,0,249,185,12,35
838,0.00212402,0.00100000,1,16,1,1,0,0,248,184,12,36
839,0.00218018,0.00100000,1,16,1,1,0,0,247,184,13,37
840,0.00239746,0.00100000,1,16,1,1,0,0,246,183,14,45
841,0.00239258,0.00100000,1,16,1,1,0,0,245,183,15,50
842,0.00250488,0.00100000,1,16,1,1,0,0,244,183,16,50
843,0.00239014,0.00100000,1,16,1,1,0,0,240,183,20,50
844,0.00249268,0.00100000,1,16,1,1,0,0,238,183,22,50
845,0.00243896,0.00100000,1,16,1,1,0,0,236,183,24,50
846,0.00249023,0.00100000,1,16,1,1,0,0,235,183,25,50
847,0.00256592,0.00100000,1,16,1,1,0,0,235,183,25,49
848,0.00279053,0.00100000,1,16,1,1,0,0,235,183,25,48
849,0.00277344,0.00100000,1,16,1,1,0,0,234,183,26,47
850,0.00274170,0.00100000,1,16,1,1,0,0,235,182,24,47
851,0.00286377,0.00100000,1,16,1,1,0,0,343,150,16,63
852,0.00278564,0.00100000,1,16,1,1,0,0,345,149,15,65
853,0.00296387,0.00100000,1,16,1,1,0,0,346,149,15,67
854,0.00299316,0.00100000,1,16,1,1,0,0,347,149,15,77
855,0.00298828,0.00100000,1,16,1,1,0,0,348,149,15,76
856,0.00298828,0.00100000,1,16,1,1,0,0,350,149,13,61
857,0.00290527,0.00100000,1,16,1,1,0,0,351,149,13,57
858,0.00287842,0.00100000,1,16,1,1,0,0,235,178,12,51
859,0.00266357,0.00100000,1,16,1,1,0,0,235,178,11,51
860,0.00273682,0.00100000,1,16,1,1,0,0,354,148,14,53
861,0.00284912,0.00100000,1,16,1,1,0,0,355,148,14,89
862,0.00278809,0.00100000,1,16,1,1,0,0,357,147,14,64
863,0.00272949,0.00100000,1,16,1,1,0,0,358,147,14,51
864,0.00295166,0.00100000,1,16,1,1,0,0,359,148,14,50
865,0.00282471,0.00100000,1,16,1,1,0,0,359,148,14,50
866,0.00269043,0.00100000,1,16,1,1,0,0,360,148,15,51
867,0.00255127,0.00100000,1,16,1,1,0,0,361,148,14,52
868,0.00260010,0.00100000,1,16,1,1,0,0,362,149,14,51
869,0.00275391,0.00100000,1,16,1,1,0,0,363,149,13,52
870,0.00246094,0.00100000,1,16,1,1,0,0,364,149,13,52
871,0.00271729,0.00100000,1,16,1,1,0,0,365,148,13,53
872,0.00271973,0.00100000,1,16,1,1,0,0,365,149,14,57
873,0.00281738,0.00100000,1,16,1,1,0,0,365,149,14,57
874,0.00278320,0.00100000,1,16,1,1,0,0,367,149,13,57
875,0.00280029,0.00100000,1,16,1,1,0,0,222,170,16,43
876,0.00278076,0.00100000,1,16,1,1,0,0,221,169,17,48
877,0.00282227,0.00100000,1,16,1,1,0,0,220,169,18,53
878,0.00284424,0.00100000,1,16,1,1,0,0,220,169,18,53
879,0.00294189,0.00100000,1,16,1,1,0,0,220,169,18,52
880,0.00300537,0.00100000,1,16,1,1,0,0,219,169,19,42
881,0.00290039,0.00100000,1,16,1,1,0,0,219,169,18,52
882,0.00273437,0.00100000,1,16,1,1,0,0,218,169,19,51
883,0.00264893,0.00100000,1,16,1,1,0,0,218,169,19,44
884,0.00260986,0.00100000,1,16,1,1,0,0,217,168,19,44
885,0.00261230,0.00100000,1,16,1,1,0,0,217,168,19,43
886,0.00249268,0.00100000,1,16,1,1,0,0,217,167,19,49
887,0.00258057,0.00100000,1,16,1,1,0,0,217,167,19,43
888,0.00262207,0.00100000,1,16,1,1,0,0,217,167,19,35
889,0.00277100,0.00100000,1,16,1,1,0,0,216,168,19,48
890,0.00276855,0.00100000,1,16,1,1,0,0,216,166,19,50
891,0.00280029,0.00100000,1,16,1,1,0,0,216,167,19,43
892,0.00274902,0.00100000,1,16,1,1,0,0,217,167,17,43
893,0.00272705,0.00100000,1,16,1,1,0,0,217,167,16,43
894,0.00259766,0.00100000,1,16,1,1,0,0,218,168,15,42
895,0.00252930,0.00100000,1,16,1,1,0,0,218,168,14,42
896,0.00258301,0.00100000,1,16,1,1,0,0,386,187,14,44
897,0.00266602,0.00100000,1,16,1,1,0,0,388,185,13,46
898,0.00266357,0.00100000,1,16,1,1,0,0,390,184,13,47
899,0.00285645,0.00100000,1,16,1,1,0,0,390,183,14,50
900,0.00291260,0.00100000,1,16,1,1,0,0,391,182,14,49
901,0.00289062,0.00100000,1,16,1,1,0,0,391,180,15,51
902,0.00283447,0.00100000,1,16,1,1,0,0,392,180,16,50
